<?xml version="1.0" encoding="UTF-8"?>
<project-private xmlns="http://www.netbeans.org/ns/project-private/1">
    <editor-bookmarks xmlns="http://www.netbeans.org/ns/editor-bookmarks/2" lastBookmarkId="0"/>
    <open-files xmlns="http://www.netbeans.org/ns/projectui-open-files/2">
        <group>
            <file>file:/Users/quevedo/Documents/Profe/2020_21/CPM/Practicas/PracticasVentanas/P04_InterfazEnPrimerPlano/P4a/src/p4a/VentanaP4a.java</file>
            <file>file:/Users/quevedo/Documents/Profe/2020_21/CPM/Practicas/PracticasVentanas/P04_InterfazEnPrimerPlano/P4a/src/p4a/SincroForeBack.java</file>
            <file>file:/Users/quevedo/Documents/Profe/2020_21/CPM/Practicas/PracticasVentanas/P04_InterfazEnPrimerPlano/P4a/src/p4a/Tarea.java</file>
            <file>file:/Users/quevedo/Documents/Profe/2020_21/CPM/Practicas/PracticasVentanas/P04_InterfazEnPrimerPlano/P4a/src/p4a/TareaP4a.java</file>
        </group>
    </open-files>
</project-private>
